index,normal5Price,resourceGroupName
1,100,"5座经济100+5座舒适150+7座200+9座250+12座350+14座350+19座450"
2,150,"5座经济150+5座舒适200+7座300+9座400+12座500+14座500+19座650"
3,200,"5座经济200+5座舒适250+7座400+9座500+12座650+14座700+19座850"
4,250,"5座经济250+5座舒适300+7座500+9座650+12座800+14座850+19座1050"
5,300,"5座经济300+5座舒适350+7座600+9座750+12座950+14座1000+19座1250"
6,350,"5座经济350+5座舒适400+7座700+9座900+12座1150+14座1200+19座1450"
7,400,"5座经济400+5座舒适450+7座800+9座1000+12座1300+14座1350+19座1650"
8,450,"5座经济450+5座舒适500+7座900+9座1150+12座1450+14座1500+19座1850"
9,500,"5座经济500+5座舒适550+7座1000+9座1250+12座1600+14座1700+19座2050"
10,550,"5座经济550+5座舒适600+7座1100+9座1400+12座1750+14座1850+19座2250"
11,600,"5座经济600+5座舒适650+7座1200+9座1500+12座1900+14座2000+19座2450"
12,650,"5座经济650+5座舒适750+7座1300+9座1650+12座2100+14座2200+19座2700"
13,700,"5座经济700+5座舒适800+7座1400+9座1750+12座2250+14座2350+19座2900"
14,750,"5座经济750+5座舒适850+7座1500+9座1900+12座2400+14座2500+19座3100"
15,800,"5座经济800+5座舒适900+7座1600+9座2000+12座2550+14座2700+19座3300"
16,850,"5座经济850+5座舒适950+7座1700+9座2150+12座2700+14座2850+19座3500"
17,900,"5座经济900+5座舒适1000+7座1800+9座2250+12座2850+14座3000+19座3700"
18,950,"5座经济950+5座舒适1050+7座1900+9座2400+12座3050+14座3200+19座3900"
19,1000,"5座经济1000+5座舒适1100+7座2000+9座2500+12座3200+14座3350+19座4100"
20,1050,"5座经济1050+5座舒适1150+7座2100+9座2650+12座3350+14座3500+19座4300"
21,1100,"5座经济1100+5座舒适1200+7座2200+9座2750+12座3500+14座3700+19座4500"
22,1150,"5座经济1150+5座舒适1250+7座2300+9座2900+12座3650+14座3850+19座4700"
23,1200,"5座经济1200+5座舒适1300+7座2400+9座3000+12座3800+14座4000+19座4900"
24,1250,"5座经济1250+5座舒适1400+7座2500+9座3150+12座4000+14座4200+19座5150"
25,1300,"5座经济1300+5座舒适1450+7座2600+9座3250+12座4150+14座4350+19座5350"
26,1350,"5座经济1350+5座舒适1500+7座2700+9座3400+12座4300+14座4500+19座5550"
27,1400,"5座经济1400+5座舒适1550+7座2800+9座3500+12座4450+14座4700+19座5750"
28,1450,"5座经济1450+5座舒适1600+7座2900+9座3650+12座4600+14座4850+19座5950"
29,1500,"5座经济1500+5座舒适1650+7座3000+9座3750+12座4750+14座5000+19座6150"
30,1550,"5座经济1550+5座舒适1700+7座3100+9座3900+12座4950+14座5200+19座6350"
31,1600,"5座经济1600+5座舒适1750+7座3200+9座4000+12座5100+14座5350+19座6550"
32,1650,"5座经济1650+5座舒适1800+7座3300+9座4150+12座5250+14座5500+19座6750"
33,1700,"5座经济1700+5座舒适1850+7座3400+9座4250+12座5400+14座5700+19座6950"
34,1750,"5座经济1750+5座舒适1900+7座3500+9座4400+12座5550+14座5850+19座7150"
35,1800,"5座经济1800+5座舒适1950+7座3600+9座4500+12座5700+14座6000+19座7350"
36,1850,"5座经济1850+5座舒适2050+7座3700+9座4650+12座5900+14座6200+19座7600"
37,1900,"5座经济1900+5座舒适2100+7座3800+9座4750+12座6050+14座6350+19座7800"
38,1950,"5座经济1950+5座舒适2150+7座3900+9座4900+12座6200+14座6500+19座8000"
39,2000,"5座经济2000+5座舒适2200+7座4000+9座5000+12座6350+14座6700+19座8200"
40,2050,"5座经济2050+5座舒适2250+7座4100+9座5150+12座6500+14座6850+19座8400"
41,2100,"5座经济2100+5座舒适2300+7座4200+9座5250+12座6650+14座7000+19座8600"
42,2150,"5座经济2150+5座舒适2350+7座4300+9座5400+12座6850+14座7200+19座8800"
43,2200,"5座经济2200+5座舒适2400+7座4400+9座5500+12座7000+14座7350+19座9000"
44,2250,"5座经济2250+5座舒适2450+7座4500+9座5650+12座7150+14座7500+19座9200"
45,2300,"5座经济2300+5座舒适2500+7座4600+9座5750+12座7300+14座7700+19座9400"
46,2350,"5座经济2350+5座舒适2550+7座4700+9座5900+12座7450+14座7850+19座9600"
47,2400,"5座经济2400+5座舒适2600+7座4800+9座6000+12座7600+14座8000+19座9800"
48,2450,"5座经济2450+5座舒适2700+7座4900+9座6150+12座7800+14座8200+19座10050"
49,2500,"5座经济2500+5座舒适2750+7座5000+9座6250+12座7950+14座8350+19座10250"
50,2550,"5座经济2550+5座舒适2800+7座5100+9座6400+12座8100+14座8500+19座10450"
51,2600,"5座经济2600+5座舒适2850+7座5200+9座6500+12座8250+14座8700+19座10650"
52,2650,"5座经济2650+5座舒适2900+7座5300+9座6650+12座8400+14座8850+19座10850"
53,2700,"5座经济2700+5座舒适2950+7座5400+9座6750+12座8550+14座9000+19座11050"
54,2750,"5座经济2750+5座舒适3000+7座5500+9座6900+12座8750+14座9200+19座11250"
55,2800,"5座经济2800+5座舒适3050+7座5600+9座7000+12座8900+14座9350+19座11450"
56,2850,"5座经济2850+5座舒适3100+7座5700+9座7150+12座9050+14座9500+19座11650"
57,2900,"5座经济2900+5座舒适3150+7座5800+9座7250+12座9200+14座9700+19座11850"
58,2950,"5座经济2950+5座舒适3200+7座5900+9座7400+12座9350+14座9850+19座12050"
59,3000,"5座经济3000+5座舒适3250+7座6000+9座7500+12座9500+14座10000+19座12250"
60,3050,"5座经济3050+5座舒适3350+7座6100+9座7650+12座9700+14座10200+19座12500"
61,3100,"5座经济3100+5座舒适3400+7座6200+9座7750+12座9850+14座10350+19座12700"
62,3150,"5座经济3150+5座舒适3450+7座6300+9座7900+12座10000+14座10500+19座12900"
63,3200,"5座经济3200+5座舒适3500+7座6400+9座8000+12座10150+14座10700+19座13100"
64,3250,"5座经济3250+5座舒适3550+7座6500+9座8150+12座10300+14座10850+19座13300"
65,3300,"5座经济3300+5座舒适3600+7座6600+9座8250+12座10450+14座11000+19座13500"
66,3350,"5座经济3350+5座舒适3650+7座6700+9座8400+12座10650+14座11200+19座13700"
67,3400,"5座经济3400+5座舒适3700+7座6800+9座8500+12座10800+14座11350+19座13900"
68,3450,"5座经济3450+5座舒适3750+7座6900+9座8650+12座10950+14座11500+19座14100"
69,3500,"5座经济3500+5座舒适3800+7座7000+9座8750+12座11100+14座11700+19座14300"
70,3550,"5座经济3550+5座舒适3850+7座7100+9座8900+12座11250+14座11850+19座14500"
71,3600,"5座经济3600+5座舒适3900+7座7200+9座9000+12座11400+14座12000+19座14700"
72,3650,"5座经济3650+5座舒适4000+7座7300+9座9150+12座11600+14座12200+19座14950"
73,3700,"5座经济3700+5座舒适4050+7座7400+9座9250+12座11750+14座12350+19座15150"
74,3750,"5座经济3750+5座舒适4100+7座7500+9座9400+12座11900+14座12500+19座15350"
75,3800,"5座经济3800+5座舒适4150+7座7600+9座9500+12座12050+14座12700+19座15550"
76,3850,"5座经济3850+5座舒适4200+7座7700+9座9650+12座12200+14座12850+19座15750"
77,3900,"5座经济3900+5座舒适4250+7座7800+9座9750+12座12350+14座13000+19座15950"
78,3950,"5座经济3950+5座舒适4300+7座7900+9座9900+12座12550+14座13200+19座16150"
79,4000,"5座经济4000+5座舒适4350+7座8000+9座10000+12座12700+14座13350+19座16350"
80,4050,"5座经济4050+5座舒适4400+7座8100+9座10150+12座12850+14座13500+19座16550"
81,4100,"5座经济4100+5座舒适4450+7座8200+9座10250+12座13000+14座13700+19座16750"
82,4150,"5座经济4150+5座舒适4500+7座8300+9座10400+12座13150+14座13850+19座16950"
83,4200,"5座经济4200+5座舒适4550+7座8400+9座10500+12座13300+14座14000+19座17150"
84,4250,"5座经济4250+5座舒适4650+7座8500+9座10650+12座13500+14座14200+19座17400"
85,4300,"5座经济4300+5座舒适4700+7座8600+9座10750+12座13650+14座14350+19座17600"
86,4350,"5座经济4350+5座舒适4750+7座8700+9座10900+12座13800+14座14500+19座17800"
87,4400,"5座经济4400+5座舒适4800+7座8800+9座11000+12座13950+14座14700+19座18000"
88,4450,"5座经济4450+5座舒适4850+7座8900+9座11150+12座14100+14座14850+19座18200"
89,4500,"5座经济4500+5座舒适4900+7座9000+9座11250+12座14250+14座15000+19座18400"
90,4550,"5座经济4550+5座舒适4950+7座9100+9座11400+12座14450+14座15200+19座18600"
91,4600,"5座经济4600+5座舒适5000+7座9200+9座11500+12座14600+14座15350+19座18800"
92,4650,"5座经济4650+5座舒适5050+7座9300+9座11650+12座14750+14座15500+19座19000"
93,4700,"5座经济4700+5座舒适5100+7座9400+9座11750+12座14900+14座15700+19座19200"
94,4750,"5座经济4750+5座舒适5150+7座9500+9座11900+12座15050+14座15850+19座19400"
95,4800,"5座经济4800+5座舒适5200+7座9600+9座12000+12座15200+14座16000+19座19600"
96,4850,"5座经济4850+5座舒适5300+7座9700+9座12150+12座15400+14座16200+19座19850"
97,4900,"5座经济4900+5座舒适5350+7座9800+9座12250+12座15550+14座16350+19座20050"
98,4950,"5座经济4950+5座舒适5400+7座9900+9座12400+12座15700+14座16500+19座20250"
99,5000,"5座经济5000+5座舒适5450+7座10000+9座12500+12座15850+14座16700+19座20450"
100,5050,"5座经济5050+5座舒适5500+7座10100+9座12650+12座16000+14座16850+19座20650"
101,5100,"5座经济5100+5座舒适5550+7座10200+9座12750+12座16150+14座17000+19座20850"
102,5150,"5座经济5150+5座舒适5600+7座10300+9座12900+12座16350+14座17200+19座21050"
103,5200,"5座经济5200+5座舒适5650+7座10400+9座13000+12座16500+14座17350+19座21250"
104,5250,"5座经济5250+5座舒适5700+7座10500+9座13150+12座16650+14座17500+19座21450"
105,5300,"5座经济5300+5座舒适5750+7座10600+9座13250+12座16800+14座17700+19座21650"
106,5350,"5座经济5350+5座舒适5800+7座10700+9座13400+12座16950+14座17850+19座21850"
107,5400,"5座经济5400+5座舒适5850+7座10800+9座13500+12座17100+14座18000+19座22050"
108,5450,"5座经济5450+5座舒适5950+7座10900+9座13650+12座17300+14座18200+19座22300"
109,5500,"5座经济5500+5座舒适6000+7座11000+9座13750+12座17450+14座18350+19座22500"
110,5550,"5座经济5550+5座舒适6050+7座11100+9座13900+12座17600+14座18500+19座22700"
111,5600,"5座经济5600+5座舒适6100+7座11200+9座14000+12座17750+14座18700+19座22900"
112,5650,"5座经济5650+5座舒适6150+7座11300+9座14150+12座17900+14座18850+19座23100"
113,5700,"5座经济5700+5座舒适6200+7座11400+9座14250+12座18050+14座19000+19座23300"
114,5750,"5座经济5750+5座舒适6250+7座11500+9座14400+12座18250+14座19200+19座23500"
115,5800,"5座经济5800+5座舒适6300+7座11600+9座14500+12座18400+14座19350+19座23700"
116,5850,"5座经济5850+5座舒适6350+7座11700+9座14650+12座18550+14座19500+19座23900"
117,5900,"5座经济5900+5座舒适6400+7座11800+9座14750+12座18700+14座19700+19座24100"
118,5950,"5座经济5950+5座舒适6450+7座11900+9座14900+12座18850+14座19850+19座24300"
119,6000,"5座经济6000+5座舒适6500+7座12000+9座15000+12座19000+14座20000+19座24500"
120,6050,"5座经济6050+5座舒适6600+7座12100+9座15150+12座19200+14座20200+19座24750"
121,6100,"5座经济6100+5座舒适6650+7座12200+9座15250+12座19350+14座20350+19座24950"
122,6150,"5座经济6150+5座舒适6700+7座12300+9座15400+12座19500+14座20500+19座25150"
123,6200,"5座经济6200+5座舒适6750+7座12400+9座15500+12座19650+14座20700+19座25350"
124,6250,"5座经济6250+5座舒适6800+7座12500+9座15650+12座19800+14座20850+19座25550"
125,6300,"5座经济6300+5座舒适6850+7座12600+9座15750+12座19950+14座21000+19座25750"
126,6350,"5座经济6350+5座舒适6900+7座12700+9座15900+12座20150+14座21200+19座25950"
127,6400,"5座经济6400+5座舒适6950+7座12800+9座16000+12座20300+14座21350+19座26150"
128,6450,"5座经济6450+5座舒适7000+7座12900+9座16150+12座20450+14座21500+19座26350"
129,6500,"5座经济6500+5座舒适7050+7座13000+9座16250+12座20600+14座21700+19座26550"
130,6550,"5座经济6550+5座舒适7100+7座13100+9座16400+12座20750+14座21850+19座26750"
131,6600,"5座经济6600+5座舒适7150+7座13200+9座16500+12座20900+14座22000+19座26950"
132,6650,"5座经济6650+5座舒适7250+7座13300+9座16650+12座21100+14座22200+19座27200"
133,6700,"5座经济6700+5座舒适7300+7座13400+9座16750+12座21250+14座22350+19座27400"
134,6750,"5座经济6750+5座舒适7350+7座13500+9座16900+12座21400+14座22500+19座27600"
135,6800,"5座经济6800+5座舒适7400+7座13600+9座17000+12座21550+14座22700+19座27800"
136,6850,"5座经济6850+5座舒适7450+7座13700+9座17150+12座21700+14座22850+19座28000"
137,6900,"5座经济6900+5座舒适7500+7座13800+9座17250+12座21850+14座23000+19座28200"
138,6950,"5座经济6950+5座舒适7550+7座13900+9座17400+12座22050+14座23200+19座28400"
139,7000,"5座经济7000+5座舒适7600+7座14000+9座17500+12座22200+14座23350+19座28600"
140,7050,"5座经济7050+5座舒适7650+7座14100+9座17650+12座22350+14座23500+19座28800"
141,7100,"5座经济7100+5座舒适7700+7座14200+9座17750+12座22500+14座23700+19座29000"
142,7150,"5座经济7150+5座舒适7750+7座14300+9座17900+12座22650+14座23850+19座29200"
143,7200,"5座经济7200+5座舒适7800+7座14400+9座18000+12座22800+14座24000+19座29400"
144,7250,"5座经济7250+5座舒适7900+7座14500+9座18150+12座23000+14座24200+19座29650"
145,7300,"5座经济7300+5座舒适7950+7座14600+9座18250+12座23150+14座24350+19座29850"
146,7350,"5座经济7350+5座舒适8000+7座14700+9座18400+12座23300+14座24500+19座30050"
147,7400,"5座经济7400+5座舒适8050+7座14800+9座18500+12座23450+14座24700+19座30250"
148,7450,"5座经济7450+5座舒适8100+7座14900+9座18650+12座23600+14座24850+19座30450"
149,7500,"5座经济7500+5座舒适8150+7座15000+9座18750+12座23750+14座25000+19座30650"
150,7550,"5座经济7550+5座舒适8200+7座15100+9座18900+12座23950+14座25200+19座30850"
151,7600,"5座经济7600+5座舒适8250+7座15200+9座19000+12座24100+14座25350+19座31050"
152,7650,"5座经济7650+5座舒适8300+7座15300+9座19150+12座24250+14座25500+19座31250"
153,7700,"5座经济7700+5座舒适8350+7座15400+9座19250+12座24400+14座25700+19座31450"
154,7750,"5座经济7750+5座舒适8400+7座15500+9座19400+12座24550+14座25850+19座31650"
155,7800,"5座经济7800+5座舒适8450+7座15600+9座19500+12座24700+14座26000+19座31850"
156,7850,"5座经济7850+5座舒适8550+7座15700+9座19650+12座24900+14座26200+19座32100"
157,7900,"5座经济7900+5座舒适8600+7座15800+9座19750+12座25050+14座26350+19座32300"
158,7950,"5座经济7950+5座舒适8650+7座15900+9座19900+12座25200+14座26500+19座32500"
159,8000,"5座经济8000+5座舒适8700+7座16000+9座20000+12座25350+14座26700+19座32700"
160,8050,"5座经济8050+5座舒适8750+7座16100+9座20150+12座25500+14座26850+19座32900"
161,8100,"5座经济8100+5座舒适8800+7座16200+9座20250+12座25650+14座27000+19座33100"
162,8150,"5座经济8150+5座舒适8850+7座16300+9座20400+12座25850+14座27200+19座33300"
163,8200,"5座经济8200+5座舒适8900+7座16400+9座20500+12座26000+14座27350+19座33500"
164,8250,"5座经济8250+5座舒适8950+7座16500+9座20650+12座26150+14座27500+19座33700"
165,8300,"5座经济8300+5座舒适9000+7座16600+9座20750+12座26300+14座27700+19座33900"
166,8350,"5座经济8350+5座舒适9050+7座16700+9座20900+12座26450+14座27850+19座34100"
167,8400,"5座经济8400+5座舒适9100+7座16800+9座21000+12座26600+14座28000+19座34300"
168,8450,"5座经济8450+5座舒适9200+7座16900+9座21150+12座26800+14座28200+19座34550"
169,8500,"5座经济8500+5座舒适9250+7座17000+9座21250+12座26950+14座28350+19座34750"
170,8550,"5座经济8550+5座舒适9300+7座17100+9座21400+12座27100+14座28500+19座34950"
171,8600,"5座经济8600+5座舒适9350+7座17200+9座21500+12座27250+14座28700+19座35150"
172,8650,"5座经济8650+5座舒适9400+7座17300+9座21650+12座27400+14座28850+19座35350"
173,8700,"5座经济8700+5座舒适9450+7座17400+9座21750+12座27550+14座29000+19座35550"
174,8750,"5座经济8750+5座舒适9500+7座17500+9座21900+12座27750+14座29200+19座35750"
175,8800,"5座经济8800+5座舒适9550+7座17600+9座22000+12座27900+14座29350+19座35950"
176,8850,"5座经济8850+5座舒适9600+7座17700+9座22150+12座28050+14座29500+19座36150"
177,8900,"5座经济8900+5座舒适9650+7座17800+9座22250+12座28200+14座29700+19座36350"
178,8950,"5座经济8950+5座舒适9700+7座17900+9座22400+12座28350+14座29850+19座36550"
179,9000,"5座经济9000+5座舒适9750+7座18000+9座22500+12座28500+14座30000+19座36750"
180,9050,"5座经济9050+5座舒适9850+7座18100+9座22650+12座28700+14座30200+19座37000"
181,9100,"5座经济9100+5座舒适9900+7座18200+9座22750+12座28850+14座30350+19座37200"
182,9150,"5座经济9150+5座舒适9950+7座18300+9座22900+12座29000+14座30500+19座37400"
183,9200,"5座经济9200+5座舒适10000+7座18400+9座23000+12座29150+14座30700+19座37600"
184,9250,"5座经济9250+5座舒适10050+7座18500+9座23150+12座29300+14座30850+19座37800"
185,9300,"5座经济9300+5座舒适10100+7座18600+9座23250+12座29450+14座31000+19座38000"
186,9350,"5座经济9350+5座舒适10150+7座18700+9座23400+12座29650+14座31200+19座38200"
187,9400,"5座经济9400+5座舒适10200+7座18800+9座23500+12座29800+14座31350+19座38400"
188,9450,"5座经济9450+5座舒适10250+7座18900+9座23650+12座29950+14座31500+19座38600"
189,9500,"5座经济9500+5座舒适10300+7座19000+9座23750+12座30100+14座31700+19座38800"
190,9550,"5座经济9550+5座舒适10350+7座19100+9座23900+12座30250+14座31850+19座39000"
191,9600,"5座经济9600+5座舒适10400+7座19200+9座24000+12座30400+14座32000+19座39200"
192,9650,"5座经济9650+5座舒适10500+7座19300+9座24150+12座30600+14座32200+19座39450"
193,9700,"5座经济9700+5座舒适10550+7座19400+9座24250+12座30750+14座32350+19座39650"
194,9750,"5座经济9750+5座舒适10600+7座19500+9座24400+12座30900+14座32500+19座39850"
195,9800,"5座经济9800+5座舒适10650+7座19600+9座24500+12座31050+14座32700+19座40050"
196,9850,"5座经济9850+5座舒适10700+7座19700+9座24650+12座31200+14座32850+19座40250"
197,9900,"5座经济9900+5座舒适10750+7座19800+9座24750+12座31350+14座33000+19座40450"
198,9950,"5座经济9950+5座舒适10800+7座19900+9座24900+12座31550+14座33200+19座40650"
199,10000,"5座经济10000+5座舒适10850+7座20000+9座25000+12座31700+14座33350+19座40850"
200,10050,"5座经济10050+5座舒适10900+7座20100+9座25150+12座31850+14座33500+19座41050"
201,10100,"5座经济10100+5座舒适10950+7座20200+9座25250+12座32000+14座33700+19座41250"
202,10150,"5座经济10150+5座舒适11000+7座20300+9座25400+12座32150+14座33850+19座41450"
203,10200,"5座经济10200+5座舒适11050+7座20400+9座25500+12座32300+14座34000+19座41650"
204,10250,"5座经济10250+5座舒适11150+7座20500+9座25650+12座32500+14座34200+19座41900"
205,10300,"5座经济10300+5座舒适11200+7座20600+9座25750+12座32650+14座34350+19座42100"
206,10350,"5座经济10350+5座舒适11250+7座20700+9座25900+12座32800+14座34500+19座42300"
207,10400,"5座经济10400+5座舒适11300+7座20800+9座26000+12座32950+14座34700+19座42500"
208,10450,"5座经济10450+5座舒适11350+7座20900+9座26150+12座33100+14座34850+19座42700"
209,10500,"5座经济10500+5座舒适11400+7座21000+9座26250+12座33250+14座35000+19座42900"
210,10550,"5座经济10550+5座舒适11450+7座21100+9座26400+12座33450+14座35200+19座43100"
211,10600,"5座经济10600+5座舒适11500+7座21200+9座26500+12座33600+14座35350+19座43300"
212,10650,"5座经济10650+5座舒适11550+7座21300+9座26650+12座33750+14座35500+19座43500"
213,10700,"5座经济10700+5座舒适11600+7座21400+9座26750+12座33900+14座35700+19座43700"
214,10750,"5座经济10750+5座舒适11650+7座21500+9座26900+12座34050+14座35850+19座43900"
215,10800,"5座经济10800+5座舒适11700+7座21600+9座27000+12座34200+14座36000+19座44100"
216,10850,"5座经济10850+5座舒适11800+7座21700+9座27150+12座34400+14座36200+19座44350"
217,10900,"5座经济10900+5座舒适11850+7座21800+9座27250+12座34550+14座36350+19座44550"
218,10950,"5座经济10950+5座舒适11900+7座21900+9座27400+12座34700+14座36500+19座44750"
219,11000,"5座经济11000+5座舒适11950+7座22000+9座27500+12座34850+14座36700+19座44950"
220,11050,"5座经济11050+5座舒适12000+7座22100+9座27650+12座35000+14座36850+19座45150"
221,11100,"5座经济11100+5座舒适12050+7座22200+9座27750+12座35150+14座37000+19座45350"
222,11150,"5座经济11150+5座舒适12100+7座22300+9座27900+12座35350+14座37200+19座45550"
223,11200,"5座经济11200+5座舒适12150+7座22400+9座28000+12座35500+14座37350+19座45750"
224,11250,"5座经济11250+5座舒适12200+7座22500+9座28150+12座35650+14座37500+19座45950"
225,11300,"5座经济11300+5座舒适12250+7座22600+9座28250+12座35800+14座37700+19座46150"
226,11350,"5座经济11350+5座舒适12300+7座22700+9座28400+12座35950+14座37850+19座46350"
227,11400,"5座经济11400+5座舒适12350+7座22800+9座28500+12座36100+14座38000+19座46550"
228,11450,"5座经济11450+5座舒适12450+7座22900+9座28650+12座36300+14座38200+19座46800"
229,11500,"5座经济11500+5座舒适12500+7座23000+9座28750+12座36450+14座38350+19座47000"
230,11550,"5座经济11550+5座舒适12550+7座23100+9座28900+12座36600+14座38500+19座47200"
231,11600,"5座经济11600+5座舒适12600+7座23200+9座29000+12座36750+14座38700+19座47400"
232,11650,"5座经济11650+5座舒适12650+7座23300+9座29150+12座36900+14座38850+19座47600"
233,11700,"5座经济11700+5座舒适12700+7座23400+9座29250+12座37050+14座39000+19座47800"
234,11750,"5座经济11750+5座舒适12750+7座23500+9座29400+12座37250+14座39200+19座48000"
235,11800,"5座经济11800+5座舒适12800+7座23600+9座29500+12座37400+14座39350+19座48200"
236,11850,"5座经济11850+5座舒适12850+7座23700+9座29650+12座37550+14座39500+19座48400"
237,11900,"5座经济11900+5座舒适12900+7座23800+9座29750+12座37700+14座39700+19座48600"
238,11950,"5座经济11950+5座舒适12950+7座23900+9座29900+12座37850+14座39850+19座48800"
239,12000,"5座经济12000+5座舒适13000+7座24000+9座30000+12座38000+14座40000+19座49000"
240,12050,"5座经济12050+5座舒适13100+7座24100+9座30150+12座38200+14座40200+19座49250"
241,12100,"5座经济12100+5座舒适13150+7座24200+9座30250+12座38350+14座40350+19座49450"
242,12150,"5座经济12150+5座舒适13200+7座24300+9座30400+12座38500+14座40500+19座49650"
243,12200,"5座经济12200+5座舒适13250+7座24400+9座30500+12座38650+14座40700+19座49850"
244,12250,"5座经济12250+5座舒适13300+7座24500+9座30650+12座38800+14座40850+19座50050"
245,12300,"5座经济12300+5座舒适13350+7座24600+9座30750+12座38950+14座41000+19座50250"
246,12350,"5座经济12350+5座舒适13400+7座24700+9座30900+12座39150+14座41200+19座50450"
247,12400,"5座经济12400+5座舒适13450+7座24800+9座31000+12座39300+14座41350+19座50650"
248,12450,"5座经济12450+5座舒适13500+7座24900+9座31150+12座39450+14座41500+19座50850"
249,12500,"5座经济12500+5座舒适13550+7座25000+9座31250+12座39600+14座41700+19座51050"
250,12550,"5座经济12550+5座舒适13600+7座25100+9座31400+12座39750+14座41850+19座51250"
251,12600,"5座经济12600+5座舒适13650+7座25200+9座31500+12座39900+14座42000+19座51450"
252,12650,"5座经济12650+5座舒适13750+7座25300+9座31650+12座40100+14座42200+19座51700"
253,12700,"5座经济12700+5座舒适13800+7座25400+9座31750+12座40250+14座42350+19座51900"
254,12750,"5座经济12750+5座舒适13850+7座25500+9座31900+12座40400+14座42500+19座52100"
255,12800,"5座经济12800+5座舒适13900+7座25600+9座32000+12座40550+14座42700+19座52300"
256,12850,"5座经济12850+5座舒适13950+7座25700+9座32150+12座40700+14座42850+19座52500"
257,12900,"5座经济12900+5座舒适14000+7座25800+9座32250+12座40850+14座43000+19座52700"
258,12950,"5座经济12950+5座舒适14050+7座25900+9座32400+12座41050+14座43200+19座52900"
259,13000,"5座经济13000+5座舒适14100+7座26000+9座32500+12座41200+14座43350+19座53100"
260,13050,"5座经济13050+5座舒适14150+7座26100+9座32650+12座41350+14座43500+19座53300"
261,13100,"5座经济13100+5座舒适14200+7座26200+9座32750+12座41500+14座43700+19座53500"
262,13150,"5座经济13150+5座舒适14250+7座26300+9座32900+12座41650+14座43850+19座53700"
263,13200,"5座经济13200+5座舒适14300+7座26400+9座33000+12座41800+14座44000+19座53900"
264,13250,"5座经济13250+5座舒适14400+7座26500+9座33150+12座42000+14座44200+19座54150"
265,13300,"5座经济13300+5座舒适14450+7座26600+9座33250+12座42150+14座44350+19座54350"
266,13350,"5座经济13350+5座舒适14500+7座26700+9座33400+12座42300+14座44500+19座54550"
267,13400,"5座经济13400+5座舒适14550+7座26800+9座33500+12座42450+14座44700+19座54750"
268,13450,"5座经济13450+5座舒适14600+7座26900+9座33650+12座42600+14座44850+19座54950"
269,13500,"5座经济13500+5座舒适14650+7座27000+9座33750+12座42750+14座45000+19座55150"
270,13550,"5座经济13550+5座舒适14700+7座27100+9座33900+12座42950+14座45200+19座55350"
271,13600,"5座经济13600+5座舒适14750+7座27200+9座34000+12座43100+14座45350+19座55550"
272,13650,"5座经济13650+5座舒适14800+7座27300+9座34150+12座43250+14座45500+19座55750"
273,13700,"5座经济13700+5座舒适14850+7座27400+9座34250+12座43400+14座45700+19座55950"
274,13750,"5座经济13750+5座舒适14900+7座27500+9座34400+12座43550+14座45850+19座56150"
275,13800,"5座经济13800+5座舒适14950+7座27600+9座34500+12座43700+14座46000+19座56350"
276,13850,"5座经济13850+5座舒适15050+7座27700+9座34650+12座43900+14座46200+19座56600"
277,13900,"5座经济13900+5座舒适15100+7座27800+9座34750+12座44050+14座46350+19座56800"
278,13950,"5座经济13950+5座舒适15150+7座27900+9座34900+12座44200+14座46500+19座57000"
279,14000,"5座经济14000+5座舒适15200+7座28000+9座35000+12座44350+14座46700+19座57200"
280,14050,"5座经济14050+5座舒适15250+7座28100+9座35150+12座44500+14座46850+19座57400"
281,14100,"5座经济14100+5座舒适15300+7座28200+9座35250+12座44650+14座47000+19座57600"
282,14150,"5座经济14150+5座舒适15350+7座28300+9座35400+12座44850+14座47200+19座57800"
283,14200,"5座经济14200+5座舒适15400+7座28400+9座35500+12座45000+14座47350+19座58000"
284,14250,"5座经济14250+5座舒适15450+7座28500+9座35650+12座45150+14座47500+19座58200"
285,14300,"5座经济14300+5座舒适15500+7座28600+9座35750+12座45300+14座47700+19座58400"
286,14350,"5座经济14350+5座舒适15550+7座28700+9座35900+12座45450+14座47850+19座58600"
287,14400,"5座经济14400+5座舒适15600+7座28800+9座36000+12座45600+14座48000+19座58800"
288,14450,"5座经济14450+5座舒适15700+7座28900+9座36150+12座45800+14座48200+19座59050"
289,14500,"5座经济14500+5座舒适15750+7座29000+9座36250+12座45950+14座48350+19座59250"
290,14550,"5座经济14550+5座舒适15800+7座29100+9座36400+12座46100+14座48500+19座59450"
291,14600,"5座经济14600+5座舒适15850+7座29200+9座36500+12座46250+14座48700+19座59650"
292,14650,"5座经济14650+5座舒适15900+7座29300+9座36650+12座46400+14座48850+19座59850"
293,14700,"5座经济14700+5座舒适15950+7座29400+9座36750+12座46550+14座49000+19座60050"
294,14750,"5座经济14750+5座舒适16000+7座29500+9座36900+12座46750+14座49200+19座60250"
295,14800,"5座经济14800+5座舒适16050+7座29600+9座37000+12座46900+14座49350+19座60450"
296,14850,"5座经济14850+5座舒适16100+7座29700+9座37150+12座47050+14座49500+19座60650"
297,14900,"5座经济14900+5座舒适16150+7座29800+9座37250+12座47200+14座49700+19座60850"
298,14950,"5座经济14950+5座舒适16200+7座29900+9座37400+12座47350+14座49850+19座61050"
299,15000,"5座经济15000+5座舒适16250+7座30000+9座37500+12座47500+14座50000+19座61250"
300,15050,"5座经济15050+5座舒适16350+7座30100+9座37650+12座47700+14座50200+19座61500"
301,15100,"5座经济15100+5座舒适16400+7座30200+9座37750+12座47850+14座50350+19座61700"
302,15150,"5座经济15150+5座舒适16450+7座30300+9座37900+12座48000+14座50500+19座61900"
303,15200,"5座经济15200+5座舒适16500+7座30400+9座38000+12座48150+14座50700+19座62100"
304,15250,"5座经济15250+5座舒适16550+7座30500+9座38150+12座48300+14座50850+19座62300"
305,15300,"5座经济15300+5座舒适16600+7座30600+9座38250+12座48450+14座51000+19座62500"
306,15350,"5座经济15350+5座舒适16650+7座30700+9座38400+12座48650+14座51200+19座62700"
307,15400,"5座经济15400+5座舒适16700+7座30800+9座38500+12座48800+14座51350+19座62900"
308,15450,"5座经济15450+5座舒适16750+7座30900+9座38650+12座48950+14座51500+19座63100"
309,15500,"5座经济15500+5座舒适16800+7座31000+9座38750+12座49100+14座51700+19座63300"
310,15550,"5座经济15550+5座舒适16850+7座31100+9座38900+12座49250+14座51850+19座63500"
311,15600,"5座经济15600+5座舒适16900+7座31200+9座39000+12座49400+14座52000+19座63700"
312,15650,"5座经济15650+5座舒适17000+7座31300+9座39150+12座49600+14座52200+19座63950"
313,15700,"5座经济15700+5座舒适17050+7座31400+9座39250+12座49750+14座52350+19座64150"
314,15750,"5座经济15750+5座舒适17100+7座31500+9座39400+12座49900+14座52500+19座64350"
315,15800,"5座经济15800+5座舒适17150+7座31600+9座39500+12座50050+14座52700+19座64550"
316,15850,"5座经济15850+5座舒适17200+7座31700+9座39650+12座50200+14座52850+19座64750"
317,15900,"5座经济15900+5座舒适17250+7座31800+9座39750+12座50350+14座53000+19座64950"
318,15950,"5座经济15950+5座舒适17300+7座31900+9座39900+12座50550+14座53200+19座65150"
319,16000,"5座经济16000+5座舒适17350+7座32000+9座40000+12座50700+14座53350+19座65350"
320,16050,"5座经济16050+5座舒适17400+7座32100+9座40150+12座50850+14座53500+19座65550"
321,16100,"5座经济16100+5座舒适17450+7座32200+9座40250+12座51000+14座53700+19座65750"
322,16150,"5座经济16150+5座舒适17500+7座32300+9座40400+12座51150+14座53850+19座65950"
323,16200,"5座经济16200+5座舒适17550+7座32400+9座40500+12座51300+14座54000+19座66150"
324,16250,"5座经济16250+5座舒适17650+7座32500+9座40650+12座51500+14座54200+19座66400"
325,16300,"5座经济16300+5座舒适17700+7座32600+9座40750+12座51650+14座54350+19座66600"
326,16350,"5座经济16350+5座舒适17750+7座32700+9座40900+12座51800+14座54500+19座66800"
327,16400,"5座经济16400+5座舒适17800+7座32800+9座41000+12座51950+14座54700+19座67000"
328,16450,"5座经济16450+5座舒适17850+7座32900+9座41150+12座52100+14座54850+19座67200"
329,16500,"5座经济16500+5座舒适17900+7座33000+9座41250+12座52250+14座55000+19座67400"
330,16550,"5座经济16550+5座舒适17950+7座33100+9座41400+12座52450+14座55200+19座67600"
331,16600,"5座经济16600+5座舒适18000+7座33200+9座41500+12座52600+14座55350+19座67800"
332,16650,"5座经济16650+5座舒适18050+7座33300+9座41650+12座52750+14座55500+19座68000"
333,16700,"5座经济16700+5座舒适18100+7座33400+9座41750+12座52900+14座55700+19座68200"
334,16750,"5座经济16750+5座舒适18150+7座33500+9座41900+12座53050+14座55850+19座68400"
335,16800,"5座经济16800+5座舒适18200+7座33600+9座42000+12座53200+14座56000+19座68600"
336,16850,"5座经济16850+5座舒适18300+7座33700+9座42150+12座53400+14座56200+19座68850"
337,16900,"5座经济16900+5座舒适18350+7座33800+9座42250+12座53550+14座56350+19座69050"
338,16950,"5座经济16950+5座舒适18400+7座33900+9座42400+12座53700+14座56500+19座69250"
339,17000,"5座经济17000+5座舒适18450+7座34000+9座42500+12座53850+14座56700+19座69450"
340,17050,"5座经济17050+5座舒适18500+7座34100+9座42650+12座54000+14座56850+19座69650"
341,17100,"5座经济17100+5座舒适18550+7座34200+9座42750+12座54150+14座57000+19座69850"
342,17150,"5座经济17150+5座舒适18600+7座34300+9座42900+12座54350+14座57200"
343,17200,"5座经济17200+5座舒适18650+7座34400+9座43000+12座54500+14座57350"
344,17250,"5座经济17250+5座舒适18700+7座34500+9座43150+12座54650+14座57500"
345,17300,"5座经济17300+5座舒适18750+7座34600+9座43250+12座54800+14座57700"
346,17350,"5座经济17350+5座舒适18800+7座34700+9座43400+12座54950+14座57850"
347,17400,"5座经济17400+5座舒适18850+7座34800+9座43500+12座55100+14座58000"
348,17450,"5座经济17450+5座舒适18950+7座34900+9座43650+12座55300+14座58200"
349,17500,"5座经济17500+5座舒适19000+7座35000+9座43750+12座55450+14座58350"
350,17550,"5座经济17550+5座舒适19050+7座35100+9座43900+12座55600+14座58500"
351,17600,"5座经济17600+5座舒适19100+7座35200+9座44000+12座55750+14座58700"
352,17650,"5座经济17650+5座舒适19150+7座35300+9座44150+12座55900+14座58850"
353,17700,"5座经济17700+5座舒适19200+7座35400+9座44250+12座56050+14座59000"
354,17750,"5座经济17750+5座舒适19250+7座35500+9座44400+12座56250+14座59200"
355,17800,"5座经济17800+5座舒适19300+7座35600+9座44500+12座56400+14座59350"
356,17850,"5座经济17850+5座舒适19350+7座35700+9座44650+12座56550+14座59500"
357,17900,"5座经济17900+5座舒适19400+7座35800+9座44750+12座56700+14座59700"
358,17950,"5座经济17950+5座舒适19450+7座35900+9座44900+12座56850+14座59850"
359,18000,"5座经济18000+5座舒适19500+7座36000+9座45000+12座57000+14座60000"
360,18050,"5座经济18050+5座舒适19600+7座36100+9座45150+12座57200+14座60200"
361,18100,"5座经济18100+5座舒适19650+7座36200+9座45250+12座57350+14座60350"
362,18150,"5座经济18150+5座舒适19700+7座36300+9座45400+12座57500+14座60500"
363,18200,"5座经济18200+5座舒适19750+7座36400+9座45500+12座57650+14座60700"
364,18250,"5座经济18250+5座舒适19800+7座36500+9座45650+12座57800+14座60850"
365,18300,"5座经济18300+5座舒适19850+7座36600+9座45750+12座57950+14座61000"
366,18350,"5座经济18350+5座舒适19900+7座36700+9座45900+12座58150+14座61200"
367,18400,"5座经济18400+5座舒适19950+7座36800+9座46000+12座58300+14座61350"
368,18450,"5座经济18450+5座舒适20000+7座36900+9座46150+12座58450+14座61500"
369,18500,"5座经济18500+5座舒适20050+7座37000+9座46250+12座58600+14座61700"
370,18550,"5座经济18550+5座舒适20100+7座37100+9座46400+12座58750+14座61850"
371,18600,"5座经济18600+5座舒适20150+7座37200+9座46500+12座58900+14座62000"
372,18650,"5座经济18650+5座舒适20250+7座37300+9座46650+12座59100+14座62200"
373,18700,"5座经济18700+5座舒适20300+7座37400+9座46750+12座59250+14座62350"
374,18750,"5座经济18750+5座舒适20350+7座37500+9座46900+12座59400+14座62500"
375,18800,"5座经济18800+5座舒适20400+7座37600+9座47000+12座59550+14座62700"
376,18850,"5座经济18850+5座舒适20450+7座37700+9座47150+12座59700+14座62850"
377,18900,"5座经济18900+5座舒适20500+7座37800+9座47250+12座59850+14座63000"
378,18950,"5座经济18950+5座舒适20550+7座37900+9座47400+12座60050+14座63200"
379,19000,"5座经济19000+5座舒适20600+7座38000+9座47500+12座60200+14座63350"
380,19050,"5座经济19050+5座舒适20650+7座38100+9座47650+12座60350+14座63500"
381,19100,"5座经济19100+5座舒适20700+7座38200+9座47750+12座60500+14座63700"
382,19150,"5座经济19150+5座舒适20750+7座38300+9座47900+12座60650+14座63850"
383,19200,"5座经济19200+5座舒适20800+7座38400+9座48000+12座60800+14座64000"
384,19250,"5座经济19250+5座舒适20900+7座38500+9座48150+12座61000+14座64200"
385,19300,"5座经济19300+5座舒适20950+7座38600+9座48250+12座61150+14座64350"
386,19350,"5座经济19350+5座舒适21000+7座38700+9座48400+12座61300+14座64500"
387,19400,"5座经济19400+5座舒适21050+7座38800+9座48500+12座61450+14座64700"
388,19450,"5座经济19450+5座舒适21100+7座38900+9座48650+12座61600+14座64850"
389,19500,"5座经济19500+5座舒适21150+7座39000+9座48750+12座61750+14座65000"
390,19550,"5座经济19550+5座舒适21200+7座39100+9座48900+12座61950+14座65200"
391,19600,"5座经济19600+5座舒适21250+7座39200+9座49000+12座62100+14座65350"
392,19650,"5座经济19650+5座舒适21300+7座39300+9座49150+12座62250+14座65500"
393,19700,"5座经济19700+5座舒适21350+7座39400+9座49250+12座62400+14座65700"
394,19750,"5座经济19750+5座舒适21400+7座39500+9座49400+12座62550+14座65850"
395,19800,"5座经济19800+5座舒适21450+7座39600+9座49500+12座62700+14座66000"
396,19850,"5座经济19850+5座舒适21550+7座39700+9座49650+12座62900+14座66200"
397,19900,"5座经济19900+5座舒适21600+7座39800+9座49750+12座63050+14座66350"
398,19950,"5座经济19950+5座舒适21650+7座39900+9座49900+12座63200+14座66500"
399,20000,"5座经济20000+5座舒适21700+7座40000+9座50000+12座63350+14座66700"
400,20050,"5座经济20050+5座舒适21750+7座40100+9座50150+12座63500+14座66850"
401,20100,"5座经济20100+5座舒适21800+7座40200+9座50250+12座63650+14座67000"
402,20150,"5座经济20150+5座舒适21850+7座40300+9座50400+12座63850+14座67200"
403,20200,"5座经济20200+5座舒适21900+7座40400+9座50500+12座64000+14座67350"
404,20250,"5座经济20250+5座舒适21950+7座40500+9座50650+12座64150+14座67500"
405,20300,"5座经济20300+5座舒适22000+7座40600+9座50750+12座64300+14座67700"
406,20350,"5座经济20350+5座舒适22050+7座40700+9座50900+12座64450+14座67850"
407,20400,"5座经济20400+5座舒适22100+7座40800+9座51000+12座64600+14座68000"
408,20450,"5座经济20450+5座舒适22200+7座40900+9座51150+12座64800+14座68200"
409,20500,"5座经济20500+5座舒适22250+7座41000+9座51250+12座64950+14座68350"
410,20550,"5座经济20550+5座舒适22300+7座41100+9座51400+12座65100+14座68500"
411,20600,"5座经济20600+5座舒适22350+7座41200+9座51500+12座65250+14座68700"
412,20650,"5座经济20650+5座舒适22400+7座41300+9座51650+12座65400+14座68850"
413,20700,"5座经济20700+5座舒适22450+7座41400+9座51750+12座65550+14座69000"
414,20750,"5座经济20750+5座舒适22500+7座41500+9座51900+12座65750+14座69200"
415,20800,"5座经济20800+5座舒适22550+7座41600+9座52000+12座65900+14座69350"
416,20850,"5座经济20850+5座舒适22600+7座41700+9座52150+12座66050+14座69500"
417,20900,"5座经济20900+5座舒适22650+7座41800+9座52250+12座66200+14座69700"
418,20950,"5座经济20950+5座舒适22700+7座41900+9座52400+12座66350+14座69850"
419,21000,"5座经济21000+5座舒适22750+7座42000+9座52500+12座66500+14座70000"
420,21050,"5座经济21050+5座舒适22850+7座42100+9座52650+12座66700"
421,21100,"5座经济21100+5座舒适22900+7座42200+9座52750+12座66850"
422,21150,"5座经济21150+5座舒适22950+7座42300+9座52900+12座67000"
423,21200,"5座经济21200+5座舒适23000+7座42400+9座53000+12座67150"
424,21250,"5座经济21250+5座舒适23050+7座42500+9座53150+12座67300"
425,21300,"5座经济21300+5座舒适23100+7座42600+9座53250+12座67450"
426,21350,"5座经济21350+5座舒适23150+7座42700+9座53400+12座67650"
427,21400,"5座经济21400+5座舒适23200+7座42800+9座53500+12座67800"
428,21450,"5座经济21450+5座舒适23250+7座42900+9座53650+12座67950"
429,21500,"5座经济21500+5座舒适23300+7座43000+9座53750+12座68100"
430,21550,"5座经济21550+5座舒适23350+7座43100+9座53900+12座68250"
431,21600,"5座经济21600+5座舒适23400+7座43200+9座54000+12座68400"
432,21650,"5座经济21650+5座舒适23500+7座43300+9座54150+12座68600"
433,21700,"5座经济21700+5座舒适23550+7座43400+9座54250+12座68750"
434,21750,"5座经济21750+5座舒适23600+7座43500+9座54400+12座68900"
435,21800,"5座经济21800+5座舒适23650+7座43600+9座54500+12座69050"
436,21850,"5座经济21850+5座舒适23700+7座43700+9座54650+12座69200"
437,21900,"5座经济21900+5座舒适23750+7座43800+9座54750+12座69350"
438,21950,"5座经济21950+5座舒适23800+7座43900+9座54900+12座69550"
439,22000,"5座经济22000+5座舒适23850+7座44000+9座55000+12座69700"
440,22050,"5座经济22050+5座舒适23900+7座44100+9座55150+12座69850"
441,22100,"5座经济22100+5座舒适23950+7座44200+9座55250+12座70000"
442,22150,"5座经济22150+5座舒适24000+7座44300+9座55400"
443,22200,"5座经济22200+5座舒适24050+7座44400+9座55500"
444,22250,"5座经济22250+5座舒适24150+7座44500+9座55650"
445,22300,"5座经济22300+5座舒适24200+7座44600+9座55750"
446,22350,"5座经济22350+5座舒适24250+7座44700+9座55900"
447,22400,"5座经济22400+5座舒适24300+7座44800+9座56000"
448,22450,"5座经济22450+5座舒适24350+7座44900+9座56150"
449,22500,"5座经济22500+5座舒适24400+7座45000+9座56250"
450,22550,"5座经济22550+5座舒适24450+7座45100+9座56400"
451,22600,"5座经济22600+5座舒适24500+7座45200+9座56500"
452,22650,"5座经济22650+5座舒适24550+7座45300+9座56650"
453,22700,"5座经济22700+5座舒适24600+7座45400+9座56750"
454,22750,"5座经济22750+5座舒适24650+7座45500+9座56900"
455,22800,"5座经济22800+5座舒适24700+7座45600+9座57000"
456,22850,"5座经济22850+5座舒适24800+7座45700+9座57150"
457,22900,"5座经济22900+5座舒适24850+7座45800+9座57250"
458,22950,"5座经济22950+5座舒适24900+7座45900+9座57400"
459,23000,"5座经济23000+5座舒适24950+7座46000+9座57500"
460,23050,"5座经济23050+5座舒适25000+7座46100+9座57650"
461,23100,"5座经济23100+5座舒适25050+7座46200+9座57750"
462,23150,"5座经济23150+5座舒适25100+7座46300+9座57900"
463,23200,"5座经济23200+5座舒适25150+7座46400+9座58000"
464,23250,"5座经济23250+5座舒适25200+7座46500+9座58150"
465,23300,"5座经济23300+5座舒适25250+7座46600+9座58250"
466,23350,"5座经济23350+5座舒适25300+7座46700+9座58400"
467,23400,"5座经济23400+5座舒适25350+7座46800+9座58500"
468,23450,"5座经济23450+5座舒适25450+7座46900+9座58650"
469,23500,"5座经济23500+5座舒适25500+7座47000+9座58750"
470,23550,"5座经济23550+5座舒适25550+7座47100+9座58900"
471,23600,"5座经济23600+5座舒适25600+7座47200+9座59000"
472,23650,"5座经济23650+5座舒适25650+7座47300+9座59150"
473,23700,"5座经济23700+5座舒适25700+7座47400+9座59250"
474,23750,"5座经济23750+5座舒适25750+7座47500+9座59400"
475,23800,"5座经济23800+5座舒适25800+7座47600+9座59500"
476,23850,"5座经济23850+5座舒适25850+7座47700+9座59650"
477,23900,"5座经济23900+5座舒适25900+7座47800+9座59750"
478,23950,"5座经济23950+5座舒适25950+7座47900+9座59900"
479,24000,"5座经济24000+5座舒适26000+7座48000+9座60000"
480,24050,"5座经济24050+5座舒适26100+7座48100+9座60150"
481,24100,"5座经济24100+5座舒适26150+7座48200+9座60250"
482,24150,"5座经济24150+5座舒适26200+7座48300+9座60400"
483,24200,"5座经济24200+5座舒适26250+7座48400+9座60500"
484,24250,"5座经济24250+5座舒适26300+7座48500+9座60650"
485,24300,"5座经济24300+5座舒适26350+7座48600+9座60750"
486,24350,"5座经济24350+5座舒适26400+7座48700+9座60900"
487,24400,"5座经济24400+5座舒适26450+7座48800+9座61000"
488,24450,"5座经济24450+5座舒适26500+7座48900+9座61150"
489,24500,"5座经济24500+5座舒适26550+7座49000+9座61250"
490,24550,"5座经济24550+5座舒适26600+7座49100+9座61400"
491,24600,"5座经济24600+5座舒适26650+7座49200+9座61500"
492,24650,"5座经济24650+5座舒适26750+7座49300+9座61650"
493,24700,"5座经济24700+5座舒适26800+7座49400+9座61750"
494,24750,"5座经济24750+5座舒适26850+7座49500+9座61900"
495,24800,"5座经济24800+5座舒适26900+7座49600+9座62000"
496,24850,"5座经济24850+5座舒适26950+7座49700+9座62150"
497,24900,"5座经济24900+5座舒适27000+7座49800+9座62250"
498,24950,"5座经济24950+5座舒适27050+7座49900+9座62400"
499,25000,"5座经济25000+5座舒适27100+7座50000+9座62500"
500,25050,"5座经济25050+5座舒适27150+7座50100+9座62650"
501,25100,"5座经济25100+5座舒适27200+7座50200+9座62750"
502,25150,"5座经济25150+5座舒适27250+7座50300+9座62900"
503,25200,"5座经济25200+5座舒适27300+7座50400+9座63000"
504,25250,"5座经济25250+5座舒适27400+7座50500+9座63150"
505,25300,"5座经济25300+5座舒适27450+7座50600+9座63250"
506,25350,"5座经济25350+5座舒适27500+7座50700+9座63400"
507,25400,"5座经济25400+5座舒适27550+7座50800+9座63500"
508,25450,"5座经济25450+5座舒适27600+7座50900+9座63650"
509,25500,"5座经济25500+5座舒适27650+7座51000+9座63750"
510,25550,"5座经济25550+5座舒适27700+7座51100+9座63900"
511,25600,"5座经济25600+5座舒适27750+7座51200+9座64000"
512,25650,"5座经济25650+5座舒适27800+7座51300+9座64150"
513,25700,"5座经济25700+5座舒适27850+7座51400+9座64250"
514,25750,"5座经济25750+5座舒适27900+7座51500+9座64400"
515,25800,"5座经济25800+5座舒适27950+7座51600+9座64500"
516,25850,"5座经济25850+5座舒适28050+7座51700+9座64650"
517,25900,"5座经济25900+5座舒适28100+7座51800+9座64750"
518,25950,"5座经济25950+5座舒适28150+7座51900+9座64900"
519,26000,"5座经济26000+5座舒适28200+7座52000+9座65000"
520,26050,"5座经济26050+5座舒适28250+7座52100+9座65150"
521,26100,"5座经济26100+5座舒适28300+7座52200+9座65250"
522,26150,"5座经济26150+5座舒适28350+7座52300+9座65400"
523,26200,"5座经济26200+5座舒适28400+7座52400+9座65500"
524,26250,"5座经济26250+5座舒适28450+7座52500+9座65650"
525,26300,"5座经济26300+5座舒适28500+7座52600+9座65750"
526,26350,"5座经济26350+5座舒适28550+7座52700+9座65900"
527,26400,"5座经济26400+5座舒适28600+7座52800+9座66000"
528,26450,"5座经济26450+5座舒适28700+7座52900+9座66150"
529,26500,"5座经济26500+5座舒适28750+7座53000+9座66250"
530,26550,"5座经济26550+5座舒适28800+7座53100+9座66400"
531,26600,"5座经济26600+5座舒适28850+7座53200+9座66500"
532,26650,"5座经济26650+5座舒适28900+7座53300+9座66650"
533,26700,"5座经济26700+5座舒适28950+7座53400+9座66750"
534,26750,"5座经济26750+5座舒适29000+7座53500+9座66900"
535,26800,"5座经济26800+5座舒适29050+7座53600+9座67000"
536,26850,"5座经济26850+5座舒适29100+7座53700+9座67150"
537,26900,"5座经济26900+5座舒适29150+7座53800+9座67250"
538,26950,"5座经济26950+5座舒适29200+7座53900+9座67400"
539,27000,"5座经济27000+5座舒适29250+7座54000+9座67500"
540,27050,"5座经济27050+5座舒适29350+7座54100+9座67650"
541,27100,"5座经济27100+5座舒适29400+7座54200+9座67750"
542,27150,"5座经济27150+5座舒适29450+7座54300+9座67900"
543,27200,"5座经济27200+5座舒适29500+7座54400+9座68000"
544,27250,"5座经济27250+5座舒适29550+7座54500+9座68150"
545,27300,"5座经济27300+5座舒适29600+7座54600+9座68250"
546,27350,"5座经济27350+5座舒适29650+7座54700+9座68400"
547,27400,"5座经济27400+5座舒适29700+7座54800+9座68500"
548,27450,"5座经济27450+5座舒适29750+7座54900+9座68650"
549,27500,"5座经济27500+5座舒适29800+7座55000+9座68750"